unit;pendidikan;lokasi;umur;IQ;GR3;TOTPAULI;performance
operator;SLTA;PURWOREJO;38;101;SC;2321;4
operator;S1 T. MANAGEMENT INDUSTRI;SEMARANG;40;112;CSD;3121;8
operator;S2-MANAJEMEN BISNIS;JAKARTA;39;95;CS;2545;4
operator;D3-EKONOMI;MADIUN;44;103;overshift;3810;4
operator;S1-MANAJEMEN KOMPUTER;BOJONEGORO;37;116;CSD;2493;9
operator;SLTA;CIANJUR;31;109;SC;3626;8
operator;SMA;GRESIK;41;80;SDC;2947;4
operator;S1-AKUTANSI;KUNINGAN;44;98;SDC;2846;4
operator;SLTA;SUKABUMI;36;112;SCI;2289;7
operator;SLTA;BLORA;35;110;CSD;2929;9
operator;S.1-EKONOMI MENEJEMEN;BOJONEGORO;47;106;S;3100;7
operator;S1-AKUTANSI;MEDAN;39;127;CS;2005;7
operator;SLTA;KEBUMEN;42;113;tight profile;1699;7
operator;SLTA;CIREBON;44;103;SC;2841;4
operator;SLTA;KLATEN;41;98;CS;1957;3
operator;S1-AKUTANSI;TANGERANG;43;103;CSD;2756;3
operator;S1-UMUM;BANDUNG;37;112;SCD;3483;9
operator;S1-HUKUM;SEMARANG;40;106;CD;2786;8
operator;SLTA;CIAMIS;37;112;CSD;2766;8
operator;SMEA;BANYUWANGI;41;109;CS;2093;3
operator;S1-DKV;PEMALANG;39;101;SI;2737;6
operator;SMA;MAGELANG;41;120;CD;3185;8
operator;S1-HUKUM;SEMARANG;43;88;C;3359;3
operator;S1-KOMUNIKASI;PURWODADI;46;101;SI;2213;2
operator;S1-KOMUNIKASI;JAKARTA;45;109;CS;3001;3
operator;S2-TEKNIK INDUSTRI;BLORA;32;115;SC;3172;6
operator;STM;TEGAL;44;94;CS;3282;3
operator;SLTA;JAKARTA;42;109;CS;2321;6
operator;S1-MANAJEMEN;GRESIK;42;109;C;3121;5
operator;S1-SISTEM INFORMASI;AMBON;37;101;SCD;2545;4
operator;D3-TEKNIK LISTRIK;TEGAL;38;101;S;3810;2
operator;D3-ADMINISTRASI BISNIS;BANDUNG;46;101;tight profile;2493;8
teknisi;SLTA;JAKARTA;37;101;SCD;3626;1
teknisi;SLTA;MADIUN;43;94;SCI;2947;1
teknisi;SLTA;NGAWI;56;112;SC;2846;5
teknisi;S1-AKUTANSI;BOGOR;43;109;DIC;2289;7
teknisi;S1-EKONOMI;MADIUN;47;106;ICS;2929;7
teknisi;SLTA;SURABAYA;53;91;SC;3100;1
teknisi;S1-HUKUM;PATI;45;98;CS;2005;5
teknisi;S1-PERTANIAN;MAGELANG;39;81;SC;1699;2
teknisi;S1-AKUTANSI;JAKARTA;39;96;SC;2841;3
teknisi;S1-KEHUTANAN;TRENGGALEK;41;94;CS;1957;4
teknisi;D1-INDUSTRI PERLEBAHAN;CIAMIS;43;94;CS;3044;5
teknisi;SMA;PATI;37;112;SC;3157;7
teknisi;SMA;BLORA;38;116;CD;3335;6
teknisi;SLTA;NGANJUK;36;101;DCS;3515;6
teknisi;S1-MANAJEMEN KEUANGAN;BLORA;41;109;SD;3162;5
teknisi;D3-KEHUTANAN;BANDUNG;45;109;CS;3324;5
teknisi;SPMA;PURWOREJO;41;78;CS;1417;4
teknisi;S1-EKONOMI MANAJEMEN;PURWOREJO;46;101;SIC;2289;5
teknisi;S1-ILMU SOSIAL;MALANG;45;103;SI;1927;3
teknisi;S1-KEHUTANAN;PACITAN;45;98;CD;2403;5
teknisi;S1-KEHUTANAN;MAGELANG;39;106;CS;3532;6
teknisi;D3-AKADEMI KEHUTANAN;CIANJUR;41;109;SC;2962;8
teknisi;S1-KEHUTANAN;GARUT;38;112;DIC;2779;7
teknisi;D3-MANAJEMEN;SUBANG;41;103;SCD;2656;4
teknisi;SKMA;TANA TORAJA;48;116;DC;3190;9
teknisi;S1-HUKUM;TEGAL;39;101;SC;2637;5
teknisi;D1-PAI;CIAMIS;44;109;CS;1955;5
teknisi;SLTA;JAKARTA;39;112;SCI;3490;7
teknisi;SMEA;JAKARTA;33;115;CS;2640;9
teknisi;SMA;JAKARTA;43;98;SC;2242;3
teknisi;SMU;BLITAR;46;116;CD;2582;7
teknisi;SLTA;BOJONEGORO;36;101;DCS;3407;5
teknisi;SLTA;SURABAYA;32;115;SD;2927;7
teknisi;S1-PMPKN;GROBOGAN;41;103;CS;2659;2
teknisi;S1-MARKETING;BOGOR;37;96;CS;2082;4
teknisi;S1-T.PENGAIRAN;MADIUN;46;112;SIC;2976;7
teknisi;S1-ADM BISNIS;BOYOLALI;48;116;SI;3527;8
teknisi;SLTA;CIREBON;52;101;CD;2148;2
teknisi;S1-MANAJEMEN HUTAN;SOLO;40;112;CS;2974;8
teknisi;D3-MANAJEMEN;BLORA;42;103;SC;2603;3
teknisi;SMA;BOJONEGORO;42;113;DIC;2791;8
teknisi;SLTA;BANYUWANGI;42;98;SCD;2600;3
teknisi;STM;TRENGGALEK;45;88;DC;1976;5
teknisi;SLTA;JEPARA;52;91;SC;1852;3
teknisi;S1-TEKNIK KIMIA;SURABAYA;43;98;CS;2302;2
teknisi;SLTA;CIAMIS;39;91;SCI;2916;2
teknisi;SMTA;PEKALONGAN;39;101;CD;3000;4
teknisi;SMA;BANYUWANGI;52;96;SC;2340;4
teknisi;SLTA;LAMONGAN;41;94;CSD;2453;3
teknisi;SLTA;JEPARA;39;96;SI;2517;4
teknisi;SLTA;SUKABUMI;39;106;CS;3300;8
teknisi;S1 T. MANAGEMENT INDUSTRI;BANYUWANGI;49;91;CSD;1992;2
teknisi;S2-MANAJEMEN BISNIS;BANYUWANGI;44;98;CSI;2788;4
teknisi;D3-EKONOMI;BANYUWANGI;39;112;CD;3178;8
teknisi;S1-MANAJEMEN KOMPUTER;PROBOLINGGO;46;101;tight profile;3347;1
teknisi;SLTA;BANYUMAS;41;109;tight profile;2484;7
teknisi;SMA;PEMALANG;43;94;SC;3058;4
teknisi;S1-AKUTANSI;BLORA;46;106;CS;2624;4
teknisi;SLTA;BANYUMAS;43;94;CDI;2699;8
teknisi;SLTA;CIANJUR;32;115;SC;3475;8
teknisi;S.1-EKONOMI MENEJEMEN;PURWAKARTA;41;103;CD;2820;3
teknisi;S1-AKUTANSI;JEPARA;42;103;CDI;3756;1
teknisi;SLTA;KEDIRI;47;96;IS;2680;1
teknisi;SLTA;BOJONEGORO;45;113;CD;3366;8
teknisi;SLTA;JEMBER;53;85;C;1195;3
teknisi;S1-AKUTANSI;PATI;48;91;CSI;1046;6
teknisi;S1-UMUM;KLATEN;49;106;CS;4009;6
teknisi;S1-HUKUM;BLORA;41;109;CS;2700;5
teknisi;SLTA;BLORA;33;110;IS;1901;2
teknisi;SMEA;BOYOLALI;37;106;CS;3378;3
teknisi;S1-DKV;GARUT;46;106;CS;3066;6
teknisi;SMA;CIAMIS;44;109;CS;2717;7
teknisi;S1-HUKUM;TUBAN;46;106;CI;2982;6
teknisi;S1-KOMUNIKASI;BLORA;50;106;SI;2688;5
teknisi;S1-KOMUNIKASI;KENDAL;36;121;CS;2578;8
teknisi;S2-TEKNIK INDUSTRI;PEKALONGAN;40;116;S;2990;8
teknisi;STM;BOJONEGORO;51;106;SI;2592;8
teknisi;SLTA;KEDIRI;39;106;CSD;2989;7
teknisi;S1-MANAJEMEN;BOJONEGORO;39;106;CSD;2233;7
teknisi;S1-SISTEM INFORMASI;CIANJUR;35;110;SC;3750;5
teknisi;D3-TEKNIK LISTRIK;GRESIK;41;103;SC;2825;3
teknisi;D3-ADMINISTRASI BISNIS;KUNINGAN;44;98;SD;1421;3
teknisi;SLTA;SUKABUMI;46;91;CSD;2972;3
teknisi;SLTA;BLORA;53;101;SC;2096;5
teknisi;SLTA;BOJONEGORO;37;116;DI;2537;8
teknisi;S1-AKUTANSI;MEDAN;40;112;CS;2493;8
teknisi;S1-EKONOMI;KEBUMEN;43;113;DS;2588;8
teknisi;SLTA;CIREBON;44;94;CS;1807;5
teknisi;S1-HUKUM;KLATEN;44;88;SC;3027;3
teknisi;S1-PERTANIAN;TANGERANG;50;96;CD;1540;6
teknisi;S1-AKUTANSI;BANDUNG;35;98;DCS;2843;3
teknisi;S1-KEHUTANAN;SEMARANG;42;109;SD;2011;5
teknisi;D1-INDUSTRI PERLEBAHAN;CIAMIS;34;115;CS;2201;8
teknisi;SMA;BANYUWANGI;55;85;CS;1732;4
teknisi;SMA;PEMALANG;46;116;SIC;2387;8
teknisi;SLTA;MAGELANG;36;101;SI;3388;3
teknisi;S1-MANAJEMEN KEUANGAN;SEMARANG;38;116;CD;3439;8
teknisi;D3-KEHUTANAN;PURWODADI;38;101;CS;1892;3
teknisi;SPMA;JAKARTA;39;96;SC;2880;3
teknisi;S1-EKONOMI MANAJEMEN;BLORA;40;116;DIC;4056;8
teknisi;S1-ILMU SOSIAL;TEGAL;43;109;SCD;2828;7
teknisi;S1-KEHUTANAN;JAKARTA;39;101;DC;3260;3
teknisi;S1-KEHUTANAN;GRESIK;38;112;SC;3451;9
teknisi;D3-AKADEMI KEHUTANAN;AMBON;51;91;CS;2458;3
teknisi;S1-KEHUTANAN;TEGAL;46;96;SCI;2034;3
teknisi;D3-MANAJEMEN;BANDUNG;28;109;CSD;2455;9
teknisi;SKMA;JAKARTA;32;110;DC;2470;4
teknisi;S1-HUKUM;MADIUN;32;104;CSI;1726;5
teknisi;D1-PAI;NGAWI;42;98;CSD;2904;5
teknisi;SLTA;BOGOR;30;115;CS;2391;9
teknisi;SMEA;MADIUN;44;109;SCD;3149;3
teknisi;SMA;SURABAYA;47;101;CS;2042;4
teknisi;SMU;PATI;39;91;SDC;2611;3
teknisi;SLTA;MAGELANG;41;98;CS;3635;6
teknisi;SLTA;JAKARTA;46;101;CD;2594;4
teknisi;S1-PMPKN;TRENGGALEK;43;103;SDC;3159;3
teknisi;S1-MARKETING;CIAMIS;42;113;SC;2830;9
teknisi;S1-T.PENGAIRAN;PATI;42;94;CD;1775;6
teknisi;S1-ADM BISNIS;BLORA;48;101;C;1923;3
teknisi;SLTA;NGANJUK;38;101;DS;3401;5
teknisi;S1-MANAJEMEN HUTAN;BLORA;41;94;SC;2252;2
teknisi;D3-MANAJEMEN;BANDUNG;43;88;SCD;2054;2
teknisi;SMA;PURWOREJO;44;94;C;1716;6
teknisi;SLTA;PURWOREJO;45;98;CS;2134;8
teknisi;STM;MALANG;40;106;SC;2466;7
teknisi;SLTA;PACITAN;43;113;CD;3292;9
produksi;S1-TEKNIK KIMIA;MAGELANG;55;91;SDC;2275;2
produksi;SLTA;CIANJUR;40;96;SC;1466;5
produksi;SMTA;GARUT;38;101;SIC;2600;5
produksi;SMA;SUBANG;43;120;CS;2560;9
produksi;SLTA;TANA TORAJA;42;103;overshift;2600;2
produksi;SLTA;TEGAL;30;137;CS;3799;9
produksi;SLTA;CIAMIS;41;94;SC;2833;2
produksi;S1 T. MANAGEMENT INDUSTRI;JAKARTA;38;91;DCS;1992;2
produksi;S2-MANAJEMEN BISNIS;JAKARTA;44;98;CD;1626;2
produksi;D3-EKONOMI;JAKARTA;46;79;CSI;1158;2
produksi;S1-MANAJEMEN KOMPUTER;BLITAR;43;94;SC;2073;2
produksi;SLTA;BOJONEGORO;52;101;CD;2154;2
produksi;SMA;SURABAYA;44;94;CD;2900;2
produksi;S1-AKUTANSI;GROBOGAN;43;94;CS;1777;4
produksi;SLTA;BOGOR;42;84;SIC;1420;8
produksi;SLTA;MADIUN;37;106;SC;2890;6
produksi;S.1-EKONOMI MENEJEMEN;BOYOLALI;42;113;CS;2739;8
produksi;S1-AKUTANSI;CIREBON;54;96;CS;2055;3
produksi;SLTA;SOLO;37;91;DS;1688;5
produksi;SLTA;BLORA;50;101;tight profile;2880;6
produksi;SLTA;BOJONEGORO;54;91;CS;2073;1
produksi;S1-AKUTANSI;BANYUWANGI;44;103;C;3084;7
produksi;S1-UMUM;TRENGGALEK;54;109;CS;3414;7
produksi;S1-HUKUM;JEPARA;50;91;SCD;2445;3
produksi;SLTA;SURABAYA;44;103;tight profile;2450;4
produksi;SMEA;CIAMIS;49;101;SDC;2883;4
produksi;S1-DKV;PEKALONGAN;33;104;CS;3472;3
produksi;SMA;BANYUWANGI;47;96;C;2951;5
produksi;S1-HUKUM;LAMONGAN;44;94;SC;2478;4
produksi;S1-KOMUNIKASI;JEPARA;43;103;CS;2362;5
produksi;S1-KOMUNIKASI;SUKABUMI;38;85;ISD;2287;5
produksi;S2-TEKNIK INDUSTRI;BANYUWANGI;47;91;SCD;2172;4
produksi;STM;BANYUWANGI;39;96;SIC;1970;3
produksi;SLTA;BANYUWANGI;48;101;SI;2371;4
produksi;S1-MANAJEMEN;PROBOLINGGO;43;98;SC;2393;7
produksi;S1-SISTEM INFORMASI;BANYUMAS;45;94;overshift;2219;6
produksi;D3-TEKNIK LISTRIK;PEMALANG;52;112;SD;2565;8
produksi;D3-ADMINISTRASI BISNIS;BLORA;42;94;tight profile;2245;8
produksi;SLTA;BANYUMAS;44;98;SDC;1792;6
produksi;SLTA;CIANJUR;32;110;SDC;2096;6
produksi;SLTA;PURWAKARTA;47;85;ISC;1723;3
produksi;S1-AKUTANSI;JEPARA;41;94;SC;2882;5
produksi;S1-EKONOMI;KEDIRI;48;106;CS;2109;4
produksi;SLTA;BOJONEGORO;41;109;SC;3233;8
produksi;S1-HUKUM;JEMBER;55;96;CS;3910;4
produksi;S1-PERTANIAN;PATI;45;103;CI;1768;8
produksi;S1-AKUTANSI;KLATEN;35;98;tight profile;2501;8
produksi;S1-KEHUTANAN;BLORA;49;101;tight profile;2368;4
produksi;D1-INDUSTRI PERLEBAHAN;BLORA;46;112;SC;2708;7
produksi;SMA;BOYOLALI;41;113;CSD;2478;8
produksi;SMA;GARUT;44;109;tight profile;2754;7
produksi;SLTA;CIAMIS;52;112;tight profile;2397;7
produksi;S1-MANAJEMEN KEUANGAN;TUBAN;35;115;S;3205;7
produksi;D3-KEHUTANAN;BLORA;39;112;SCI;2771;8
produksi;SPMA;KENDAL;43;98;tight profile;2635;7
produksi;S1-EKONOMI MANAJEMEN;PEKALONGAN;42;98;SC;1805;3
produksi;S1-ILMU SOSIAL;PURWOREJO;42;103;CS;2981;8
produksi;S1-KEHUTANAN;SEMARANG;41;103;SCD;3057;8
produksi;S1-KEHUTANAN;JAKARTA;54;91;SC;1982;2
produksi;D3-AKADEMI KEHUTANAN;MADIUN;48;106;SC;3139;3
produksi;S1-KEHUTANAN;BOJONEGORO;45;113;SC;2546;7
produksi;D3-MANAJEMEN;CIANJUR;42;120;CS;3165;6
produksi;SKMA;GRESIK;37;116;C;3974;5
produksi;S1-HUKUM;KUNINGAN;44;109;SC;3043;4
produksi;D1-PAI;SUKABUMI;44;88;SCI;3443;8
produksi;SLTA;BLORA;37;96;CD;1765;4
produksi;SMEA;BOJONEGORO;43;103;SDI;2837;8
produksi;SMA;MEDAN;44;103;SC;2706;8
produksi;SMU;KEBUMEN;45;113;CS;3796;7
produksi;SLTA;CIREBON;37;91;SC;1842;5
produksi;SLTA;KLATEN;42;120;SC;3639;9
produksi;S1-PMPKN;TANGERANG;47;112;SC;3462;7
produksi;S1-MARKETING;BANDUNG;41;109;CI;1829;4
produksi;S1-T.PENGAIRAN;SEMARANG;43;109;SCD;2811;4
produksi;S1-ADM BISNIS;CIAMIS;33;110;SC;3500;8
produksi;SLTA;BANYUWANGI;39;96;SC;1940;7
produksi;S1-MANAJEMEN HUTAN;PEMALANG;43;98;tight profile;2553;3
produksi;D3-MANAJEMEN;MAGELANG;45;103;SC;3301;4
produksi;SMA;SEMARANG;51;96;overshift;1741;5
produksi;SLTA;PURWODADI;40;96;IDS;2293;2
produksi;STM;JAKARTA;46;96;CD;2761;3
produksi;SLTA;BLORA;40;116;CS;2434;8
produksi;S1-TEKNIK KIMIA;TEGAL;41;103;SCD;3271;6
produksi;SLTA;JAKARTA;45;103;CDS;2467;5
produksi;SMTA;GRESIK;36;101;SCI;2466;4
produksi;SMA;AMBON;43;113;SC;3925;8
produksi;SLTA;TEGAL;42;109;CSI;3063;4
produksi;SLTA;BANDUNG;28;115;C;3753;8
produksi;SLTA;JAKARTA;42;103;SI;2461;5
produksi;S2-TEKNIK INDUSTRI;MADIUN;40;101;tight profile;2575;4
produksi;STM;NGAWI;44;94;SC;2783;5
produksi;SLTA;BOGOR;47;101;CS;0;3
produksi;S1-MANAJEMEN;MADIUN;45;98;SC;2567;3
produksi;S1-SISTEM INFORMASI;SURABAYA;52;91;CSD;2234;4
produksi;D3-TEKNIK LISTRIK;PATI;42;98;CD;2679;4
produksi;D3-ADMINISTRASI BISNIS;MAGELANG;30;115;CS;3479;8
produksi;SLTA;JAKARTA;43;109;CD;3257;7
produksi;SLTA;TRENGGALEK;41;98;SD;3335;3
produksi;SLTA;CIAMIS;35;88;DSC;3486;2
produksi;S1-AKUTANSI;PATI;41;98;SDC;2279;2
produksi;S1-EKONOMI;BLORA;49;109;CS;2822;2
produksi;SLTA;NGANJUK;42;109;IDS;2991;3
staf;S1-HUKUM;BLORA;41;109;CSD;3134;6
staf;S1-PERTANIAN;BANDUNG;45;103;SC;2250;2
staf;S1-AKUTANSI;PURWOREJO;30;115;SCD;2995;8
staf;S1-KEHUTANAN;PURWOREJO;55;122;SI;2241;8
staf;D1-INDUSTRI PERLEBAHAN;MALANG;44;109;CS;3847;8
staf;SMA;PACITAN;40;116;SD;3211;4
staf;SMA;MAGELANG;55;85;CD;1997;2
staf;SLTA;CIANJUR;41;109;SIC;2131;8
staf;S1-MANAJEMEN KEUANGAN;GARUT;36;112;CSI;2778;8
staf;D3-KEHUTANAN;SUBANG;43;124;CS;3468;8
staf;SPMA;TANA TORAJA;43;109;CS;2661;9
staf;S1-EKONOMI MANAJEMEN;TEGAL;42;103;SC;2824;7
staf;S1-ILMU SOSIAL;CIAMIS;47;106;CSD;2407;4
staf;S1-KEHUTANAN;JAKARTA;40;101;CS;2686;4
staf;S1-KEHUTANAN;JAKARTA;42;98;CS;2729;2
staf;D3-AKADEMI KEHUTANAN;JAKARTA;46;101;SC;2439;7
staf;S1-KEHUTANAN;BLITAR;55;85;CSI;993;3
staf;D3-MANAJEMEN;BOJONEGORO;33;98;CS;2891;3
staf;SKMA;SURABAYA;43;109;SCD;3276;8
staf;S1-HUKUM;GROBOGAN;48;112;SC;3211;8
staf;D1-PAI;BOGOR;47;101;CD;2667;3
staf;SLTA;MADIUN;46;91;SIC;2672;6
staf;SMEA;BOYOLALI;44;103;DI;3872;6
staf;SMA;CIREBON;39;91;SC;3312;5
staf;SMU;SOLO;53;112;CD;2575;8
staf;SLTA;BLORA;48;106;SC;3334;8
staf;SLTA;BOJONEGORO;44;98;SC;3457;4
staf;S1-PMPKN;BANYUWANGI;38;101;SC;2438;3
staf;S1-MARKETING;TRENGGALEK;46;101;SI;2290;3
staf;S1-T.PENGAIRAN;JEPARA;46;112;IS;2167;4
staf;S1-ADM BISNIS;SURABAYA;49;112;SCI;2713;5
staf;SLTA;CIAMIS;48;101;ICS;2901;3
staf;S1-MANAJEMEN HUTAN;PEKALONGAN;42;98;SC;2408;7
staf;D3-MANAJEMEN;BANYUWANGI;34;115;CDI;2595;4
